9364,上組
4097,高圧ガス工業
7269,鈴木
2659,サンエー
4719,アルファシステムズ
1414,ショーボンドホールディングス
9687,KSK
9381,エーアイテイー
7723,愛知時計電機
3333,あさひ
4540,ツムラ
7989,立川ブラインド工業
4345,シーティーエス
6432,竹内製作所
3003,ヒューリック
8725,MS&ADインシュアランスHD
4752,昭和システムエンジニアリング
7292,村上開明堂
7438,コンドーテック
6381,アネスト岩田
8309,三井住友トラストグループ
7994,オカムラ
2317,システナ
1928,積水ハウス
4042,東ソー
4248,竹本容器
6345,アイチコーポレーション
5388,クニミネ工業
6539,MS-Japan
6957,芝浦電子
8130,サンゲツ
3231,野村不動産HD
9368,キムラユニティー
9795,ステップ
7931,未来工業
3076,あいHD
1343,NF・J-REIT ETF
1489,NF・日経高配当50ETF
1723,日本電技
1951,エクシオグループ
2003,日東富士製粉
2296,伊藤ハム米久HLDGS
3834,朝日ネット
4008,住友精化
4641,アルプス技研
4832,JFEシステムズ
5011,ニチレキ
5334,日本特殊陶業
9069,センコーグループHLDGS
9303,住友倉庫
9769,学究社
1835,東鉄工業
8584,ジャックス
9513,電源開発
3817,SRAホールディングス
6073,アサンテ
9142,九州旅客鉄道
2670,エービーシー・マート
2124,JACリクルートメント
7995,バルカー
8766,東京海上ホールディングス
6301,コマツ
8439,東京センチュリー
2391,プラネット
3763,プロシップ
4502,武田薬品
4732,ユー・エス・エス
7820,日本フラッシュ
7921,TAKARA&COMPANY
4326,インテージHD
4928,ノエビアHD
8750,第一生命ホールディングス
2169,CDS
2393,日本ケアサプライ
2914,JT
3407,旭化成
3597,自重堂
4327,日本エス・エイチ・エル
5108,ブリヂストン
6087,アビスト
6113,アマダホールディングス
7751,キヤノン
8001,伊藤忠商事
8002,丸紅
8031,三井物産
8053,住友商事
8058,三菱商事
8096,兼松エレクトロニクス
8306,三菱UFJファイナンシャルグループ
8316,三井住友ファイナンシャルグループ
8591,オリックス
8593,三菱UFJリース
8898,センチュリー21・ジャパン
9432,NTT（日本電信電話）
9433,KDDI
9436,沖縄セルラー
9986,蔵王産業
